date,lambda
2017-09-11,1.89687164898
2017-09-12,1.78244395744
2017-09-13,2.01753206824
2017-09-14,2.01033186258
2017-09-15,1.91784484613
2017-09-18,1.98830170019
2017-09-19,2.00259798701
2017-09-20,2.00658471848
2017-09-21,1.839520017
2017-09-22,1.76790289194
2017-09-25,1.81859158872
2017-09-26,1.94629729819
2017-09-27,1.91833255111
2017-09-28,1.86717822951
2017-09-29,2.05636630812
2017-10-02,2.00891988137
2017-10-03,2.08391701634
2017-10-04,2.17327724291
2017-10-05,2.18879117874
2017-10-06,2.16679842545
2017-10-09,2.18781500248
2017-10-10,2.15909964413
2017-10-11,2.389307077
2017-10-12,2.34872090303
2017-10-13,2.40627137732
2017-10-16,2.42696882114
2017-10-17,2.48093188202
2017-10-18,2.41268055899
2017-10-19,2.38698713205
2017-10-20,2.47274989992
2017-10-23,2.41375256554
2017-10-24,2.37371966609
2017-10-25,2.35943302165
2017-10-26,2.40179632734
2017-10-27,2.54415905827
2017-10-30,2.54240797026
2017-10-31,2.55679086048
2017-11-01,2.68584426447
2017-11-02,2.792421837
2017-11-03,2.90270163968
2017-11-06,2.94489467289
2017-11-07,2.75785656807
2017-11-08,2.72592793172
2017-11-09,2.53247408948
2017-11-10,2.48978487189
2017-11-13,2.52561260849
2017-11-14,2.49055948156
2017-11-15,2.30066325075
2017-11-16,2.43066664222
2017-11-17,2.32450746877
2017-11-20,2.37999603647
2017-11-21,2.36897591925
2017-11-22,2.32571584624
2017-11-24,2.34309774245
2017-11-27,2.28186433166
2017-11-28,2.49028264176
2017-11-29,2.46467745017
2017-11-30,2.61039267393
2017-12-01,2.63457842506
2017-12-04,2.6121378118
2017-12-05,2.4740004035
2017-12-06,2.42388301152
2017-12-07,2.31174706595
2017-12-08,2.35540199187
2017-12-11,2.31992461485
2017-12-12,2.35992462447
2017-12-13,2.26379653188
2017-12-14,2.33780591528
2017-12-15,2.3978028022
2017-12-18,2.49875955404
2017-12-19,2.41725795129
2017-12-20,2.35223322601
2017-12-21,2.41982468969
2017-12-22,2.44160478425
2017-12-26,2.40606550075
2017-12-27,2.38449958931
2017-12-28,2.55836550578
2017-12-29,2.47513598968
2018-01-02,2.65934656002
2018-01-03,2.63592991382
2018-01-04,2.61421930782
2018-01-05,2.71911298429
2018-01-08,2.69300484222
2018-01-09,2.77046640084
2018-01-10,2.75238049813
2018-01-11,2.80369549196
2018-01-12,2.9268335289
2018-01-16,2.84101912937
2018-01-17,3.00423059132
2018-01-18,2.95232449752
2018-01-19,3.07179023762
2018-01-22,3.12500097081
2018-01-23,3.19954197615
2018-01-24,3.10465330071
2018-01-25,3.01174838276
2018-01-26,3.1566631977
2018-01-29,3.05259361723
2018-01-30,2.95276380923
2018-01-31,2.97296068598
2018-02-01,2.95821075974
2018-02-02,2.5206524821
2018-02-05,1.61852672822
2018-02-06,1.81601004421
2018-02-07,1.75053249019
2018-02-08,1.19055270189
2018-02-09,1.27499546241
2018-02-12,1.37088679454
2018-02-13,1.34421281996
2018-02-14,1.4301612428
2018-02-15,1.49416846711
2018-02-16,1.50668816762
2018-02-20,1.42553776713
2018-02-21,1.30569384768
2018-02-22,1.32658400861
2018-02-23,1.46834977359
2018-02-26,1.56233093312
2018-02-27,1.41039015797
2018-02-28,1.31627899238
2018-03-01,1.04621501396
2018-03-02,1.15560349355
2018-03-05,1.25313229835
2018-03-06,1.31196735968
2018-03-07,1.3363827305
2018-03-08,1.40241080879
2018-03-09,1.54507680527
2018-03-12,1.50054536859
2018-03-13,1.43104664586
2018-03-14,1.40618839557
2018-03-15,1.32032534956
2018-03-16,1.35267940226
2018-03-19,1.2139587091
2018-03-20,1.24763944536
2018-03-21,1.35983053245
2018-03-22,1.06291861832
2018-03-23,0.857011952
2018-03-26,1.08340682707
2018-03-27,0.925135785473
2018-03-28,0.835642206972
2018-03-29,0.941519907417
2018-04-02,0.704017814002
2018-04-03,0.82803308056
2018-04-04,0.937328776207
2018-04-05,0.989592714542
2018-04-06,0.813219317476
2018-04-09,0.824565822504
2018-04-10,0.962960187945
2018-04-11,0.90972792025
2018-04-12,0.988105967563
2018-04-13,0.995285538838
2018-04-16,1.11887028122
2018-04-17,1.13410904394
2018-04-18,1.16527176924
2018-04-19,1.13030527533
2018-04-20,0.995374480004
2018-04-23,1.02107949244
2018-04-24,0.817646938687
2018-04-25,0.782966672044
2018-04-26,0.869984092334
2018-04-27,0.874269674871
2018-04-30,0.820296576687
2018-05-01,0.826585898466
2018-05-02,0.755754093348
2018-05-03,0.747253348058
2018-05-04,0.84291237253
2018-05-07,0.837563984093
2018-05-08,0.834768490419
2018-05-09,0.919332007494
2018-05-10,0.983548651618
2018-05-11,1.0148529934
2018-05-14,1.0338405082
2018-05-15,0.938001154593
2018-05-16,0.975829425749
2018-05-17,1.12907412061
2018-05-18,1.07686849896
2018-05-21,1.08133582663
2018-05-22,1.01321879365
2018-05-23,1.02427024539
2018-05-24,0.986838388535
2018-05-25,0.930976930395
2018-05-29,0.829189561497
2018-05-30,0.937775341516
2018-05-31,0.883728278947
2018-06-01,0.908295816344
2018-06-04,0.914075304159
2018-06-05,0.929398314335
2018-06-06,1.01912850195
2018-06-07,1.00035312562
2018-06-08,1.02293073471
2018-06-11,1.03803064823
2018-06-12,1.05975818743
2018-06-13,0.990309541211
2018-06-14,1.01797080546
2018-06-15,1.02772710012
2018-06-18,1.00772968912
2018-06-19,0.908731240512
2018-06-20,0.978067524726
2018-06-21,0.929679090348
2018-06-22,0.948094119835
2018-06-25,0.818763177267
2018-06-26,0.833553041598
2018-06-27,0.828731228104
2018-06-28,0.808283503422
2018-06-29,0.885620137801
2018-07-02,0.897548515075
2018-07-03,0.838014645942
2018-07-05,0.893557696563
2018-07-06,1.03792206529
2018-07-09,1.05592945257
2018-07-10,1.07580647093
2018-07-11,1.02289612537
2018-07-12,1.03346265076
2018-07-13,1.02683966003
2018-07-16,0.981296929058
2018-07-17,1.01290922048
2018-07-18,1.02505074354
2018-07-19,0.950091741783
2018-07-20,0.943383941617
2018-07-23,0.960773151495
2018-07-24,1.00686330051
2018-07-25,1.05381486826
2018-07-26,1.0266233721
2018-07-27,0.980161436343
2018-07-30,0.943579759383
2018-07-31,0.987468386956
2018-08-01,0.959402518697
2018-08-02,0.9938154785
2018-08-03,1.0475746614
2018-08-06,1.06017070656
2018-08-07,1.06909767956
2018-08-08,1.08617919383
2018-08-09,1.07717282179
2018-08-10,1.14153786769
2018-08-13,1.09822852785
2018-08-14,1.07059862049
2018-08-15,1.01123006288
2018-08-16,1.06103972021
2018-08-17,1.22020641259
2018-08-20,1.25429383185
2018-08-21,1.26118025682
2018-08-22,1.18093254365
2018-08-23,1.19524221003
2018-08-24,1.26070336871
2018-08-27,1.30668691999
2018-08-28,1.30457900793
2018-08-29,1.3422415267
2018-08-30,1.2686710185
2018-08-31,1.22440323971
2018-09-04,1.19464431711
2018-09-05,1.23472000682
2018-09-06,1.17922152999
2018-09-07,1.1622027926
2018-09-10,1.18925215922
2018-09-11,1.13520226935
2018-09-12,1.11081774459
2018-09-13,1.14621875078
2018-09-14,1.15708847479
2018-09-17,1.09549364932
2018-09-18,1.12590693932
2018-09-19,1.12669592883
2018-09-20,1.18244039241
2018-09-21,1.20412696473
2018-09-24,1.1695730863
2018-09-25,1.1767418985
2018-09-26,1.14874983945
2018-09-27,1.13802382557
2018-09-28,1.12791778917
2018-10-01,1.12705602961
2018-10-02,1.09265565981
2018-10-03,1.08069936295
2018-10-04,1.00204264292
2018-10-05,0.911620364813
2018-10-08,0.916748840623
2018-10-09,0.919530814155
2018-10-10,0.615006120597
2018-10-11,0.435404541303
2018-10-12,0.553661512582
2018-10-15,0.501091201246
2018-10-16,0.642648649436
2018-10-17,0.635337415375
2018-10-18,0.518145200381
2018-10-19,0.512630794783
2018-10-22,0.442018601671
2018-10-23,0.429979023084
2018-10-24,0.182437362059
2018-10-25,0.348414159911
2018-10-26,0.212340899658
2018-10-29,0.107424275741
2018-10-30,0.240561005587
2018-10-31,0.309786414694
2018-11-01,0.372050176893
2018-11-02,0.325358563289
2018-11-05,0.342542458044
2018-11-06,0.377104201012
2018-11-07,0.522087581001
2018-11-08,0.494096666186
2018-11-09,0.455021524135
2018-11-12,0.320635885732
2018-11-13,0.303299092335
2018-11-14,0.266369480359
2018-11-15,0.37646229312
2018-11-16,0.335547457564
2018-11-19,0.237153185267
2018-11-20,0.103125071586
2018-11-21,0.0791442243754
2018-11-23,0.0393672811782
2018-11-26,0.129834115543
2018-11-27,0.154114948429
2018-11-28,0.240074013655
2018-11-29,0.227531512343
2018-11-30,0.227209251804
2018-12-03,0.312813276548
2018-12-04,0.101371109543
2018-12-06,0.115555467459
2018-12-07,-0.0355550462707
2018-12-10,-0.0433796600982
2018-12-11,-0.0814894000187
2018-12-12,-0.0674554979722
2018-12-13,-0.0790104426183
2018-12-14,-0.197754884972
2018-12-17,-0.302326062677
2018-12-18,-0.359575004792
2018-12-19,-0.489752421427
2018-12-20,-0.566735528982
2018-12-21,-0.685867490842
2018-12-24,-0.856134712213
2018-12-26,-0.523578992913
2018-12-27,-0.466554791446
2018-12-28,-0.478727604261
2018-12-31,-0.439245559694
2019-01-02,-0.401754318492
2019-01-03,-0.590885217459
2019-01-04,-0.420261284502
2019-01-07,-0.403232610651
2019-01-08,-0.387984899104
2019-01-09,-0.374241021304
2019-01-10,-0.356013005008
2019-01-11,-0.350735343079
2019-01-14,-0.421223742588
2019-01-15,-0.398336250439
2019-01-16,-0.365859385222
2019-01-17,-0.376665658776
2019-01-18,-0.291684267927
2019-01-22,-0.396181056409
2019-01-23,-0.430077437966
2019-01-24,-0.434850317224
2019-01-25,-0.383245945046
2019-01-28,-0.430948470532
2019-01-29,-0.507649719694
2019-01-30,-0.380152100003
2019-01-31,-0.270259767048
2019-02-01,-0.268155861991
2019-02-04,-0.226174405825
2019-02-05,-0.0803545567248
2019-02-06,0.144144061854
2019-02-07,-0.0130892043245
2019-02-08,0.0200896560705
2019-02-11,0.251105256252
2019-02-12,0.23879275648
2019-02-13,0.173389682261
2019-02-14,0.141291422104
2019-02-15,0.125940072506
2019-02-19,0.0617866320227
2019-02-20,0.0701086770391
2019-02-21,0.0840195175421
2019-02-22,0.156242732908
2019-02-25,0.157613875093
2019-02-26,0.0553755099399
2019-02-27,-0.020040388024
2019-02-28,0.0404222155597
2019-03-01,0.151004641464
2019-03-04,0.209589779898
2019-03-05,0.171164764219
2019-03-06,0.0626295080733
2019-03-07,-0.00412884632704
2019-03-08,-0.0144959034856
2019-03-11,0.0481565808633
2019-03-12,-0.0410391795219
2019-03-13,0.00964903802427
2019-03-14,0.0434804294609
2019-03-15,0.109594325852
2019-03-18,0.137170447814
2019-03-19,0.125662612526
2019-03-20,0.195916078868
2019-03-21,0.253410055206
2019-03-22,0.146041695027
2019-03-25,0.299269683688
2019-03-26,0.478322412865
2019-03-27,0.28228118559
2019-03-28,0.417584174489
2019-03-29,0.478978242708
2019-04-01,0.465227710147
2019-04-02,0.615009389159
2019-04-03,0.548679987078
2019-04-04,0.488112535375
2019-04-05,0.473651257924
2019-04-08,0.630015189763
2019-04-09,0.56740921383
2019-04-10,0.482661483932
2019-04-11,0.519738298966
2019-04-12,0.508930745079
2019-04-15,0.523835565619
2019-04-16,0.473858819434
2019-04-17,0.388606475321
2019-04-18,0.393404471313
2019-04-22,0.438463408882
2019-04-23,0.554201644793
2019-04-24,0.538969536873
2019-04-25,0.628198738727
2019-04-26,0.646880007349
2019-04-29,0.58539770571
2019-04-30,0.584147496447
2019-05-01,0.588731788731
2019-05-02,0.557216157014
2019-05-03,0.669627479861
2019-05-06,0.654357240311
2019-05-07,0.45636684742
2019-05-08,0.422442291299
2019-05-09,0.403781352865
2019-05-10,0.364433748086
2019-05-13,0.138560040929
2019-05-14,0.179924636736
2019-05-15,0.212389795692
2019-05-16,0.315993234799
2019-05-17,0.250430642252
2019-05-20,0.21121872409
2019-05-21,0.284042401359
2019-05-22,0.216925152954
2019-05-23,0.158526165818
2019-05-24,0.145994360403
2019-05-28,0.104008279926
2019-05-29,0.0739492806494
2019-05-30,0.163815502622
2019-05-31,-0.00642528062766
2019-06-03,0.0205088065009
2019-06-04,0.0893154871983
2019-06-05,0.11312464215
2019-06-06,0.148327332382
2019-06-07,0.160678212307
2019-06-10,0.195498459934
2019-06-11,0.172821129017
2019-06-12,0.152503162661
2019-06-13,0.167699356091
2019-06-14,0.183394760956
2019-06-17,0.173324293239
2019-06-18,0.242656839602
2019-06-19,0.275778276393
2019-06-20,0.362878101519
2019-06-21,0.343547904253
2019-06-24,0.373748624746
2019-06-25,0.299365887078
2019-06-26,0.381818724573
2019-06-27,0.392220701572
2019-06-28,0.486119425313
2019-07-01,0.495591308266
2019-07-02,0.50957498931
2019-07-03,0.538949895655
2019-07-05,0.559601344803
2019-07-08,0.472398142877
2019-07-09,0.425739867029
2019-07-10,0.398010867705
2019-07-11,0.390249913205
2019-07-12,0.467053564344
2019-07-15,0.41161522934
2019-07-16,0.382123063297
2019-07-17,0.345744293966
2019-07-18,0.343170538028
2019-07-19,0.288435585421
2019-07-22,0.332789231009
2019-07-23,0.383352242755
2019-07-24,0.401790875867
2019-07-25,0.336159341065
2019-07-26,0.325148994724
2019-07-29,0.33441588123
2019-07-30,0.360684092164
2019-07-31,0.32652349273
2019-08-01,0.235662958054
2019-08-02,0.194779087988
2019-08-05,-0.0303829318756
2019-08-06,0.0230150892793
2019-08-07,0.00535905793021
2019-08-08,0.106144967622
2019-08-09,0.0659020047162
2019-08-12,-0.000537820905835
2019-08-13,0.136889744314
2019-08-14,-0.0215743086875
2019-08-15,-0.0458299355066
2019-08-16,0.0901499161608
2019-08-19,0.115826884931
2019-08-20,0.04663432225
2019-08-21,0.0823476955445
2019-08-22,0.066560035169
2019-08-23,-0.0892127000311
2019-08-26,-0.0122856957642
2019-08-27,-0.0692061092159
2019-08-28,-0.0760135332015
2019-08-29,-0.000764865722596
2019-08-30,-0.0312995149963
2019-09-03,-0.0461605840528
2019-09-04,0.0185013288985
2019-09-05,0.106597574975
2019-09-06,0.128971441716
2019-09-09,0.150439444998
2019-09-10,0.165740414783
2019-09-11,0.197675227875
2019-09-12,0.192566173049
2019-09-13,0.186116502539
2019-09-16,0.135629215562
2019-09-17,0.149510820478
2019-09-18,0.185188466688
2019-09-19,0.153152976099
2019-09-20,0.116171955621
2019-09-23,0.0685814038397
2019-09-24,0.0201703370414
2019-09-25,0.0783513536011
2019-09-26,0.0716716551567
2019-09-27,0.0595642708948
2019-09-30,0.0733564721075
2019-10-01,-0.000131136857112
2019-10-02,-0.128328327602
2019-10-03,-0.078305665629
2019-10-04,0.00213930517384
2019-10-07,0.0241589691896
2019-10-08,-0.0351111211732
2019-10-09,0.0211170214316
2019-10-10,0.0674273584376
2019-10-11,0.331604657813
2019-10-14,0.450431456084
2019-10-15,0.425641256985
2019-10-16,0.449734376305
2019-10-17,0.339078756748
2019-10-18,0.316713848536
2019-10-21,0.448290218509
2019-10-22,0.428660111737
2019-10-23,0.472769153875
2019-10-24,0.518830302706
2019-10-25,0.747177362222
2019-10-28,0.669783989288
2019-10-29,0.778606558524
2019-10-30,0.841631042182
2019-10-31,0.726577341678
2019-11-01,0.719551026315
2019-11-04,0.677385001907
2019-11-05,0.710938264498
2019-11-06,0.680233387658
2019-11-07,0.658279968478
2019-11-08,0.544104973692
2019-11-11,0.547870763134
2019-11-12,0.618644411587
2019-11-13,0.757182032652
2019-11-14,0.772560092514
2019-11-15,0.872505148677
2019-11-18,0.808675701549
2019-11-19,0.79051543975
2019-11-20,0.880147472974
2019-11-21,0.996781413646
2019-11-22,0.991318101378
2019-11-25,1.0848024559
2019-11-26,1.00149925817
2019-11-27,1.00766286071
2019-11-29,0.83726103005
2019-12-02,0.792827874359
2019-12-03,0.693632317048
2019-12-04,0.663970662115
2019-12-05,0.914730354004
2019-12-06,0.986892140095
2019-12-09,1.14131413274
2019-12-10,1.12153200194
2019-12-11,1.14445458776
2019-12-12,1.16558754219
2019-12-13,1.1677410187
2019-12-16,1.36277613804
2019-12-17,1.52942437105
2019-12-18,1.52592529827
2019-12-19,1.67842965514
2019-12-20,1.83983286318
2019-12-23,2.01990175978
2019-12-24,2.26593508711
2019-12-26,2.07392649723
2019-12-27,2.00945295941
2019-12-30,1.97066919584
2019-12-31,1.92973047682
2020-01-02,1.98362814469
2020-01-03,2.16809092102
2020-01-06,1.99156038811
2020-01-07,1.91005656889
2020-01-08,1.87377460618
2020-01-09,1.89430059676
2020-01-10,1.83176668185
2020-01-13,1.89024305502
2020-01-14,1.92460638929
2020-01-15,1.85599437384
2020-01-16,1.90502384527
2020-01-17,1.87598552285
2020-01-21,1.75003244586
2020-01-22,1.89004405279
2020-01-23,1.88127455682
2020-01-24,1.78488008435
2020-01-27,1.56397830398
2020-01-28,1.7166263983
2020-01-29,1.7221003341
2020-01-30,1.6289611671
2020-01-31,1.3883880983
2020-02-03,1.44061008989
2020-02-04,1.50166311442
2020-02-05,1.5520458332
2020-02-06,1.59927953663
2020-02-07,1.63671287729
2020-02-10,1.69065830068
2020-02-11,1.69916738726
2020-02-12,1.65193673685
2020-02-13,1.6127186261
2020-02-14,1.65174509689
2020-02-18,1.53994953377
2020-02-19,1.56665880599
2020-02-20,1.51832124668
2020-02-21,1.45353879458
2020-02-24,1.07331465404
2020-02-25,0.792804708692
2020-02-26,0.76913895158
2020-02-27,0.401511570541
2020-02-28,0.36092991984
2020-03-02,0.617822050601
2020-03-03,0.439166878668
2020-03-04,0.709626705288
2020-03-05,0.515709310983
2020-03-06,0.456203790444
2020-03-09,-0.0167989459972
2020-03-10,0.177910334961
2020-03-11,-0.106679681408
2020-03-12,-0.583674805922
2020-03-13,-0.122448329166
2020-03-16,-0.59190676227
2020-03-17,-0.363757289214
2020-03-18,-0.548252169117
2020-03-19,-0.519472032194
2020-03-20,-0.711626502314
2020-03-23,-0.746628845539
2020-03-24,-0.378879343191
2020-03-25,-0.363346651508
2020-03-26,-0.128830242565
2020-03-27,-0.252545332279
2020-03-30,-0.161543014674
2020-03-31,-0.252898096053
2020-04-01,-0.395306786338
2020-04-02,-0.325982293194
2020-04-03,-0.381766027199
2020-04-06,-0.161800271328
2020-04-07,-0.169975666575
2020-04-08,-0.0412827363006
2020-04-09,-0.00603402801199
2020-04-13,-0.0379202096013
2020-04-14,0.0381721599679
2020-04-15,-0.0290395028469
2020-04-16,-0.0120367883749
2020-04-17,0.0794977371784
2020-04-20,0.0186952746044
2020-04-21,-0.0799177092629
2020-04-22,-0.0356167818164
2020-04-23,-0.0301882899697
2020-04-24,0.0145420060183
2020-04-27,0.0459609622404
2020-04-28,0.0266310929744
2020-04-29,0.10615986262
2020-04-30,0.101138474616
2020-05-01,0.0210885529655
2020-05-04,0.00476569604064
2020-05-05,0.0467030723503
2020-05-06,0.0764571872178
2020-05-07,0.117133161081
2020-05-08,0.178552202916
2020-05-11,0.167929716215
2020-05-12,0.179401277493
2020-05-13,0.101001622597
2020-05-14,0.118735467866
2020-05-15,0.10375215511
2020-05-18,0.218024944896
2020-05-19,0.206785416541
2020-05-20,0.231833152172
2020-05-21,0.216899883763
2020-05-22,0.261024437415
2020-05-26,0.294597488498
2020-05-27,0.365666870435
2020-05-28,0.380718469022
2020-05-29,0.389262761272
2020-06-01,0.441756086871
2020-06-02,0.475531704062
2020-06-03,0.452531007973
2020-06-04,0.417534913449
2020-06-05,0.477946437847
2020-06-08,0.48285625405
2020-06-09,0.444917073986
2020-06-10,0.429937491756
2020-06-11,0.252207418942
2020-06-12,0.279210650132
2020-06-15,0.309180382995
2020-06-16,0.363007202128
2020-06-17,0.323420417748
2020-06-18,0.31650215526
2020-06-19,0.27144179079
2020-06-22,0.294896001246
2020-06-23,0.31322897442
2020-06-24,0.263692700476
2020-06-25,0.300255789598
2020-06-26,0.216048709254
2020-06-29,0.24271848901
2020-06-30,0.265803396521
2020-07-01,0.272261950081
2020-07-02,0.263225457858
2020-07-06,0.315808808269
2020-07-07,0.298126157324
2020-07-08,0.317895641723
2020-07-09,0.28793442889
2020-07-10,0.312359930001
2020-07-13,0.270964228194
2020-07-14,0.310262607678
2020-07-15,0.347463459867
2020-07-16,0.357023864653
2020-07-17,0.355093124435
2020-07-20,0.398568719846
2020-07-21,0.395391370082
2020-07-22,0.392378781663
2020-07-23,0.341912190707
2020-07-24,0.339375785019
2020-07-27,0.339632040374
2020-07-28,0.325401587365
2020-07-29,0.369914316246
2020-07-30,0.391481874125
2020-07-31,0.441214450063
2020-08-03,0.484377499949
2020-08-04,0.586015531962
2020-08-05,0.566929857081
2020-08-06,0.583942226769
2020-08-07,0.530933386293
2020-08-10,0.55920374238
2020-08-11,0.571546722731
2020-08-12,0.569538629754
2020-08-13,0.653729567989
2020-08-14,0.646053528762
2020-08-17,0.611650908538
2020-08-18,0.582787242165
2020-08-19,0.593674620266
2020-08-20,0.578748485451
2020-08-21,0.590808265355
2020-08-24,0.701119081317
2020-08-25,0.679386736559
2020-08-26,0.719755335055
2020-08-27,0.705403072818
2020-08-28,0.688019060445
2020-08-31,0.679663389879
2020-09-01,0.723414199669
2020-09-02,0.736901452519
2020-09-03,0.589051842279
2020-09-04,0.561972963577
2020-09-08,0.477595429721
2020-09-09,0.53606732649
2020-09-10,0.461751677382
2020-09-11,0.454998258638
2020-09-14,0.494969126126
2020-09-15,0.52001993657
2020-09-16,0.498774309894
2020-09-17,0.472790294191
2020-09-18,0.439441754417
2020-09-21,0.41960931348
2020-09-22,0.451141496359
2020-09-23,0.405027037428
2020-09-24,0.395894567853
2020-09-25,0.450157622697
2020-09-28,0.513290749181
2020-09-29,0.484321418242
2020-09-30,0.545421489341
2020-10-01,0.615103939741
2020-10-02,0.563212324614
2020-10-05,0.574238340978
2020-10-06,0.545831665875
2020-10-07,0.643473247771
2020-10-08,0.640466179651
2020-10-09,0.647585290801
2020-10-12,0.663562787336
2020-10-13,0.649079749375
2020-10-14,0.600362962833
2020-10-15,0.601944729752
2020-10-16,0.594371612904
2020-10-19,0.557228415467
2020-10-20,0.551134532025
2020-10-21,0.555394421588
2020-10-22,0.562537458323
2020-10-23,0.567206973633
2020-10-26,0.49972634151
2020-10-27,0.474571017509
2020-10-28,0.371161832373
2020-10-29,0.396603008709
2020-10-30,0.369877523506
2020-11-02,0.377728100613
2020-11-03,0.418618282274
2020-11-04,0.485729233293
2020-11-05,0.539797161126
2020-11-06,0.531183758566
2020-11-09,0.557691826262
2020-11-10,0.559502487872
2020-11-11,0.577274990696
2020-11-12,0.546067194401
2020-11-13,0.582985194708
2020-11-16,0.594468912612
2020-11-17,0.579175329246
2020-11-18,0.547119240011
2020-11-19,0.569681283719
2020-11-20,0.554604249502
2020-11-23,0.564774432314
2020-11-24,0.589594327437
2020-11-25,0.578795806468
2020-11-27,0.573835156746
2020-11-30,0.572302182593
2020-12-01,0.630152825023
2020-12-02,0.654928852614
2020-12-03,0.635016566895
2020-12-04,0.656296334814
2020-12-07,0.624508100968
2020-12-08,0.64197234296
2020-12-09,0.622062984503
2020-12-10,0.61006933136
2020-12-11,0.58183557209
2020-12-14,0.569085310529
2020-12-15,0.585740203437
2020-12-16,0.590078387633
2020-12-17,0.608137714719
2020-12-18,0.585185354904
2020-12-21,0.559683486408
2020-12-22,0.551314604666
2020-12-23,0.554218038856
2020-12-24,0.549801595763
2020-12-28,0.575011775085
2020-12-29,0.585563824879
2020-12-30,0.581092182874
2020-12-31,0.575699714853
2021-01-04,0.553137079916
2021-01-05,0.563507244398
2021-01-06,0.588308423355
2021-01-07,0.616814274479
2021-01-08,0.613644854783
2021-01-11,0.602999993842
2021-01-12,0.584274265736
2021-01-13,0.595422997479
2021-01-14,0.579267351167
2021-01-15,0.534399654443
2021-01-19,0.546834692516
2021-01-20,0.594599952786
2021-01-21,0.59484978892
2021-01-22,0.58297672639
2021-01-25,0.619979734568
2021-01-26,0.662094944049
2021-01-27,0.557340891634
2021-01-28,0.588016871453
2021-01-29,0.522507363712
2021-02-01,0.620274640244
2021-02-02,0.63925994189
2021-02-03,0.599658489936
2021-02-04,0.598707711655
2021-02-05,0.600524558448
2021-02-08,0.637618160561
2021-02-09,0.613540353576
2021-02-10,0.60784718407
2021-02-11,0.594248297913
2021-02-12,0.612699760217
2021-02-16,0.605912431417
2021-02-17,0.613622800968
2021-02-18,0.587446241186
2021-02-19,0.593316758782
2021-02-22,0.601669996183
2021-02-23,0.705708062081
2021-02-24,0.829718653367
2021-02-25,0.76756564342
2021-02-26,0.889814478642
2021-03-01,0.982028477491
2021-03-02,0.83081850182
2021-03-03,0.877798284264
2021-03-04,0.718147722281
2021-03-05,0.880666589666
2021-03-08,0.91686811089
2021-03-09,1.2188463176
2021-03-10,1.09751080777
2021-03-11,1.29723716068
2021-03-12,1.67982921495
2021-03-15,1.46233474674
2021-03-16,2.0650198552
2021-03-17,1.89415142279
2021-03-18,2.08178491435
2021-03-19,2.06054958101
2021-03-22,2.30014114164
2021-03-23,2.40625316664
2021-03-24,2.15694172449
2021-03-25,2.13082017544
2021-03-26,1.99720958451
2021-03-29,2.17645192091
2021-03-30,2.02784963691
2021-03-31,2.12736966681
2021-04-01,2.44664931631
2021-04-05,2.41409505113
2021-04-06,2.49093058861
2021-04-07,2.2871306889
2021-04-08,2.31728066189
2021-04-09,2.21166564278
2021-04-12,2.13985480775
2021-04-13,2.21404352841
2021-04-14,2.05555540991
2021-04-15,2.24584395787
2021-04-16,2.23452917355
2021-04-19,2.08092596037
2021-04-20,2.15013877867
2021-04-21,2.40102493635
2021-04-22,2.23616398994
2021-04-23,2.29649628043
2021-04-26,2.23488104408
2021-04-27,2.15816810563
2021-04-28,2.18385456734
2021-04-29,2.09363144336
2021-04-30,2.10620713678
2021-05-03,2.31025128536
2021-05-04,2.24613934776
2021-05-05,2.20093731625
2021-05-06,2.28784163562
2021-05-07,2.26682153982
2021-05-10,2.11507592707
2021-05-11,2.06143712109
2021-05-12,2.05497722316
2021-05-13,2.23184821015
2021-05-14,2.24829364788
2021-05-17,2.21122389353
2021-05-18,2.0101540295
2021-05-19,2.05779651051
2021-05-20,2.02769548704
2021-05-21,2.07091672351
2021-05-24,2.11219120394
2021-05-25,2.03243221003
2021-05-26,1.96340467853
2021-05-27,1.98286343831
2021-05-28,1.95977243983
2021-06-01,1.93520756208
2021-06-02,1.89743384134
2021-06-03,1.80087450794
2021-06-04,1.87093241029
2021-06-07,1.73194432671
2021-06-08,1.66547741403
2021-06-09,1.70291126217
2021-06-10,1.76278216652
2021-06-11,2.27279343981
2021-06-14,2.2076574399
2021-06-15,2.14374111948
2021-06-16,1.99991013151
2021-06-17,2.02101916348
2021-06-18,1.92526307965
2021-06-21,2.04558057753
2021-06-22,2.03741510049
2021-06-23,2.00335745335
2021-06-24,2.23731687854
2021-06-25,2.1921995106
2021-06-28,2.3967983624
2021-06-29,2.31115960312
2021-06-30,2.22816362425
2021-07-01,2.22943618218
2021-07-02,2.24763432664
2021-07-06,2.13894349625
2021-07-07,2.23999559556
2021-07-08,2.12848134261
2021-07-09,2.23833517736
2021-07-12,2.19566029449
2021-07-13,2.23902948129
2021-07-14,2.16461070986
2021-07-15,2.08408160419
2021-07-16,2.05392959462
2021-07-19,1.91664435826
2021-07-20,1.95528949831
2021-07-21,1.99654419115
2021-07-22,1.97278777769
2021-07-23,2.12614801511
2021-07-26,2.18559503824
2021-07-27,2.10537133752
2021-07-28,2.1498368363
2021-07-29,2.10064498642
2021-07-30,2.08873689331
2021-08-02,2.02687611868
2021-08-03,2.03309648409
2021-08-04,1.97697942417
2021-08-05,1.97435444206
2021-08-06,1.94392620139
2021-08-09,1.93328589793
2021-08-10,1.92175533135
2021-08-11,1.99490027064
2021-08-12,1.92820870231
2021-08-13,1.95312811736
2021-08-16,1.97182509642
2021-08-17,1.90362705967
2021-08-18,1.81072213553
2021-08-19,1.84970765397
2021-08-20,1.88105828914
2021-08-23,1.9128410494
2021-08-24,1.85924430974
2021-08-25,1.85029145313
2021-08-26,1.7448612736
2021-08-27,1.79010304316
2021-08-30,1.7748057193
2021-08-31,1.78064953556
2021-09-01,1.73416769037
2021-09-02,1.65812984388
2021-09-03,1.94983464246
2021-09-07,1.98571378761
2021-09-08,2.21352419408
2021-09-09,2.05548538749
2021-09-10,2.14069390398
2021-09-13,2.15318073588
2021-09-14,2.02508442515
2021-09-15,2.04652955958
2021-09-16,2.06997823557
2021-09-17,2.06423862413
2021-09-20,2.01343329588
2021-09-21,2.09893478329
2021-09-22,2.09274279584
2021-09-23,2.38171181813
2021-09-24,2.37079912443
2021-09-27,2.24627449636
2021-09-28,1.96665690702
2021-09-29,2.01495370778
2021-09-30,1.86238888804
2021-10-01,1.90281391531
2021-10-04,1.87396097385
2021-10-05,1.82961899442
2021-10-06,1.97236393884
2021-10-07,1.91691699754
2021-10-08,1.84605431404
2021-10-11,1.73089970856
2021-10-12,1.60240808055
2021-10-13,1.67364111226
2021-10-14,1.83896535073
2021-10-15,1.9034052368
2021-10-18,1.92703385062
2021-10-19,2.11694475542
2021-10-20,2.10945694109
2021-10-21,2.14843415551
2021-10-22,2.10245478201
2021-10-25,2.11167735738
2021-10-26,2.28791170599
2021-10-27,2.27136677839
2021-10-28,2.7080382198
2021-10-29,2.63924447892
2021-11-01,2.76341775245
2021-11-02,2.70521069924
2021-11-03,2.63607464354
2021-11-04,2.52831050916
2021-11-05,2.42767899449
2021-11-08,2.43742395627
2021-11-09,2.32071391491
2021-11-10,2.25894943705
2021-11-11,2.20432804634
2021-11-12,2.35120553751
2021-11-15,2.25163995808
2021-11-16,2.1954755209
2021-11-17,2.21511858122
2021-11-18,2.35091952191
2021-11-19,2.30674263601
2021-11-22,2.34011695643
2021-11-23,2.30868977872
2021-11-24,2.21083597838
2021-11-26,1.99500817924
2021-11-29,2.07347728094
2021-11-30,1.93238503414
2021-12-01,1.74279489083
2021-12-02,1.83230681112
2021-12-03,1.76475128684
2021-12-06,1.78478899349
2021-12-07,1.94191006903
2021-12-08,1.94419681965
2021-12-09,1.95105999044
2021-12-10,2.03224074541
2021-12-13,1.96431438041
2021-12-14,1.93733211043
2021-12-15,1.95856610395
2021-12-16,1.87100874424
2021-12-17,1.74055431563
2021-12-20,1.67273283147
2021-12-21,1.82622969786
2021-12-22,1.91603960871
2021-12-23,1.95644432666
2021-12-27,2.02594163244
2021-12-28,1.95491826667
2021-12-29,1.98323739604
2021-12-30,1.94927324974
2021-12-31,1.88101528768
2022-01-03,2.05562012883
2022-01-04,1.99835336763
2022-01-05,1.78457247181
2022-01-06,1.67365519058
2022-01-07,1.60057544335
2022-01-10,1.64205347829
2022-01-11,1.70555400981
2022-01-12,1.70960013982
2022-01-13,1.61964056334
2022-01-14,1.68363143299
2022-01-18,1.46837376581
2022-01-19,1.29264676325
2022-01-20,1.20214633667
2022-01-21,1.07129435146
2022-01-24,1.06511287376
2022-01-25,0.981210382217
2022-01-26,1.18309230106
2022-01-27,1.07004420306
2022-01-28,1.39401523283
2022-01-31,1.4115243631
2022-02-01,1.36386626809
2022-02-02,1.42424300468
2022-02-03,1.14193093315
2022-02-04,1.15091375101
2022-02-07,1.06934851984
2022-02-08,1.13807512971
2022-02-09,1.24160424515
2022-02-10,1.08543027766
2022-02-11,0.90367254046
2022-02-14,0.879516537682
2022-02-15,0.989688137534
2022-02-16,1.02830067709
2022-02-17,0.878765897026
2022-02-18,0.882902327503
2022-02-22,0.799544435379
2022-02-23,0.585123214863
2022-02-24,0.871736598116
2022-02-25,1.05275236929
2022-02-28,0.8797638121
2022-03-01,0.823154711003
2022-03-02,1.0444016708
2022-03-03,1.10657897185
2022-03-04,0.918333834779
2022-03-07,0.729363431228
2022-03-08,0.581427513595
2022-03-09,0.708862788261
2022-03-10,0.608282330098
2022-03-11,0.509125487021
2022-03-14,0.412773814309
2022-03-15,0.565270280545
2022-03-16,0.690648836657
2022-03-17,0.875423947184
2022-03-18,0.955636389383
2022-03-21,0.906033277561
2022-03-22,1.03266705811
2022-03-23,0.983721315616
2022-03-24,1.04088935482
2022-03-25,0.968437902974
2022-03-28,1.0213396227
2022-03-29,1.12188507116
2022-03-30,1.05423224003
2022-03-31,0.867110765013
2022-04-01,0.796564059476
2022-04-04,0.856222888419
2022-04-05,0.759088522514
2022-04-06,0.664484758505
2022-04-07,0.641750525118
2022-04-08,0.625069004186
2022-04-11,0.487171379041
2022-04-12,0.491479419035
2022-04-13,0.491804238053
2022-04-14,0.385946524494
2022-04-18,0.419746675763
2022-04-19,0.568276830784
2022-04-20,0.503587820172
2022-04-21,0.465436071442
2022-04-22,0.207894235144
2022-04-25,0.232940406042
2022-04-26,0.0508553008218
2022-04-27,0.0694065807866
2022-04-28,0.181752157062
2022-04-29,-0.00172648846619
2022-05-02,0.016058739799
2022-05-03,0.0866522226087
2022-05-04,0.261354326004
2022-05-05,-0.00373746832566
2022-05-06,-0.081168132328
2022-05-09,-0.205948783519
2022-05-10,-0.141457747246
2022-05-11,-0.112939605915
2022-05-12,-0.192462422457
2022-05-13,-0.139322082925
2022-05-16,-0.147796084144
2022-05-17,0.0191290998647
2022-05-18,-0.193049574645
2022-05-19,-0.286182394235
2022-05-20,-0.28115959274
2022-05-23,-0.231599630647
2022-05-24,-0.265342758111
2022-05-25,-0.222655360971
2022-05-26,-0.117002099859
2022-05-27,0.0164398409283
2022-05-31,-0.0157579753897
2022-06-01,-0.0653036556647
2022-06-02,0.0559813296241
2022-06-03,-0.0823933802044
2022-06-06,-0.0610891861058
2022-06-07,-0.0101344493751
2022-06-08,-0.0593740129048
2022-06-09,-0.21330674679
2022-06-10,-0.377256898644
2022-06-13,-0.582572035303
2022-06-14,-0.592092809333
2022-06-15,-0.486376547791
2022-06-16,-0.645362134344
2022-06-17,-0.567834268929
2022-06-21,-0.51123372404
2022-06-22,-0.544799750061
2022-06-23,-0.489923085607
2022-06-24,-0.358870878304
2022-06-27,-0.391210943534
2022-06-28,-0.502979500453
2022-06-29,-0.508322520334
2022-06-30,-0.559108528803
2022-07-01,-0.531951384424
2022-07-05,-0.562508605401
2022-07-06,-0.534582295392
2022-07-07,-0.475116244134
2022-07-08,-0.437012211363
2022-07-11,-0.552196210547
2022-07-12,-0.616003164044
2022-07-13,-0.62110986459
2022-07-14,-0.642476326533
2022-07-15,-0.52750654187
2022-07-18,-0.532009430214
2022-07-19,-0.312816707014
2022-07-20,-0.360236810587
2022-07-21,-0.352524372873
2022-07-22,-0.409119313109
2022-07-25,-0.454126636875
2022-07-26,-0.523228626556
2022-07-27,-0.367101314955
2022-07-28,-0.306238551632
2022-07-29,-0.256880858731
2022-08-01,-0.244713306257
2022-08-02,-0.268749012427
2022-08-03,-0.232225641103
2022-08-04,-0.213868314748
2022-08-05,-0.251852108448
2022-08-08,-0.266633153675
2022-08-09,-0.283305788881
2022-08-10,-0.183300602999
2022-08-11,-0.199289724283
2022-08-12,-0.129271465919
2022-08-15,-0.118271585009
2022-08-16,-0.122409241658
2022-08-17,-0.123774491433
2022-08-18,-0.0611191621613
2022-08-19,-0.130234329722
2022-08-22,-0.272927536354
2022-08-23,-0.325742860918
2022-08-24,-0.319374181007
2022-08-25,-0.261880451728
2022-08-26,-0.391914610925
2022-08-29,-0.466415202856
2022-08-30,-0.539512551813
2022-08-31,-0.570518356016
2022-09-01,-0.558221944061
2022-09-02,-0.62272443259
2022-09-06,-0.641049768838
2022-09-07,-0.536206026782
2022-09-08,-0.498960053773
2022-09-09,-0.404442068654
2022-09-12,-0.318380320687
2022-09-13,-0.523029128589
2022-09-14,-0.481469308143
2022-09-15,-0.573322506069
2022-09-16,-0.59964853914
2022-09-19,-0.52658495701
2022-09-20,-0.501676684102
2022-09-21,-0.576024436294
2022-09-22,-0.659707142125
2022-09-23,-0.794897742459
2022-09-26,-0.849093020803
2022-09-27,-0.846706229304
2022-09-28,-0.66273501082
2022-09-29,-0.76448005075
2022-09-30,-0.778892112382
2022-10-03,-0.709417083985
2022-10-04,-0.507333968345
2022-10-05,-0.565275889997
2022-10-06,-0.630292638365
2022-10-07,-0.789515032883
2022-10-10,-0.814785903932
2022-10-11,-0.813870835517
2022-10-12,-0.818404480731
2022-10-13,-0.711164627793
2022-10-14,-0.891345505037
2022-10-17,-0.802127227577
2022-10-18,-0.76628146662
2022-10-19,-0.829244719704
2022-10-20,-0.880903350692
2022-10-21,-0.785734590206
2022-10-24,-0.728528127897
2022-10-25,-0.677142487313
2022-10-26,-0.717787915984
2022-10-27,-0.722920303529
2022-10-28,-0.65572845776
2022-10-31,-0.697015679017
2022-11-01,-0.723313989285
2022-11-02,-0.844002122874
2022-11-03,-0.917952916006
2022-11-04,-0.876441253863
2022-11-07,-0.851118803256
2022-11-08,-0.831273150691
2022-11-09,-0.903068594417
2022-11-10,-0.613519625134
2022-11-11,-0.577497193778
2022-11-14,-0.645484450996
2022-11-15,-0.609383531768
2022-11-16,-0.660320316109
2022-11-17,-0.663043236623
2022-11-18,-0.657956488059
2022-11-21,-0.668949085241
2022-11-22,-0.598839584218
2022-11-23,-0.581681589224
2022-11-25,-0.593141207287
2022-11-28,-0.564939911313
2022-11-29,-0.628273128778
2022-11-30,-0.418493390631
2022-12-01,-0.374225497173
2022-12-02,-0.439628592008
2022-12-05,-0.478625020358
2022-12-06,-0.587566032551
2022-12-07,-0.684593802713
2022-12-08,-0.666509443948
2022-12-09,-0.66789319627
2022-12-12,-0.648235287629
2022-12-13,-0.580693473021
2022-12-14,-0.575594311925
2022-12-15,-0.746015399635
2022-12-16,-0.756366339675
2022-12-19,-0.751906843117
2022-12-20,-0.701755791605
2022-12-21,-0.715155341048
2022-12-22,-0.81771885189
2022-12-23,-0.819934027202
2022-12-27,-0.896511570095
2022-12-28,-0.942023734781
2022-12-29,-0.873513819711
2022-12-30,-0.872390062516
2023-01-03,-0.878751893505
2023-01-04,-0.874523598747
2023-01-05,-0.919972349911
2023-01-06,-0.744568991964
2023-01-09,-0.744510365777
2023-01-10,-0.699415933431
2023-01-11,-0.640162363807
2023-01-12,-0.665050967112
2023-01-13,-0.660876857332
2023-01-17,-0.612193143374
2023-01-18,-0.679359481578
2023-01-19,-0.637218798997
2023-01-20,-0.518377023257
2023-01-23,-0.424455194467
2023-01-24,-0.351180393594
2023-01-25,-0.364170837858
2023-01-26,-0.269078416444
2023-01-27,-0.253297294486
2023-01-30,-0.285082943787
2023-01-31,-0.326996038618
2023-02-01,-0.363487513064
2023-02-02,-0.331168899082
2023-02-03,-0.413914525594
2023-02-06,-0.34057042824
2023-02-07,-0.308777647814
2023-02-08,-0.339918909123
2023-02-09,-0.412316396368
2023-02-10,-0.465169308248
2023-02-13,-0.343280765816
2023-02-14,-0.266845701822
2023-02-15,-0.23990995818
2023-02-16,-0.364578926398
2023-02-17,-0.38058300263
2023-02-21,-0.376736251858
2023-02-22,-0.354194329851
2023-02-23,-0.290258113362
2023-02-24,-0.258488080711
2023-02-27,-0.309786711243
2023-02-28,-0.419428171919
2023-03-01,-0.429789309908
2023-03-02,-0.333553458242
2023-03-03,-0.345165932398
2023-03-06,-0.320817528293
2023-03-07,-0.352393431086
2023-03-08,-0.223961122681
2023-03-09,-0.271941796282
2023-03-10,-0.445616178597
2023-03-13,-0.434568605472
2023-03-14,-0.309161950054
2023-03-15,-0.308059292499
2023-03-16,-0.325664598179
2023-03-17,-0.470944268804
2023-03-20,-0.486695854296
2023-03-21,-0.481629746459
2023-03-22,-0.549871624312
2023-03-23,-0.586907812974
2023-03-24,-0.511310147333
2023-03-27,-0.567648637872
2023-03-28,-0.597114092488
2023-03-29,-0.566500917268
2023-03-30,-0.595996505214
2023-03-31,-0.506731556185
2023-04-03,-0.425249790662
2023-04-04,-0.465534291454
2023-04-05,-0.512112152264
2023-04-06,-0.443960345532
2023-04-10,-0.398849357431
2023-04-11,-0.418205481258
2023-04-12,-0.425315847939
2023-04-13,-0.296321986526
2023-04-14,-0.291262581267
2023-04-17,-0.326343394844
2023-04-18,-0.271287587719
2023-04-19,-0.271522822601
2023-04-20,-0.368324562731
2023-04-21,-0.362462609241
2023-04-24,-0.296117542859
2023-04-25,-0.246236902752
2023-04-26,-0.288696399207
2023-04-27,-0.0813291640622
2023-04-28,-0.0550601799462
2023-05-01,-0.16694123061
2023-05-02,-0.0595228340718
2023-05-03,-0.116810324945
2023-05-04,-0.171298635681
2023-05-05,-0.224076034989
2023-05-08,-0.063825452853
2023-05-09,-0.0596639715783
2023-05-10,0.106559322942
2023-05-11,0.0866997227675
2023-05-12,0.154682696889
2023-05-15,0.173470296714
2023-05-16,0.0336071501789
2023-05-17,0.106023265395
2023-05-18,0.0558532730713
2023-05-19,0.240098782884
2023-05-22,0.267709957962
2023-05-23,0.212841786512
2023-05-24,0.0902025042016
2023-05-25,0.169296406914
2023-05-26,0.185354808332
2023-05-30,0.090979095111
2023-05-31,-0.0567846262473
2023-06-01,0.0194743400254
2023-06-02,0.123647148731
2023-06-05,0.0254412595235
2023-06-06,0.114526107943
2023-06-07,0.0803342735711
2023-06-08,0.063563272621
2023-06-09,0.120333093314
2023-06-12,0.280569413321
2023-06-13,0.458760765783
2023-06-14,0.663987553097
2023-06-15,0.74171837022
2023-06-16,0.651563241909
2023-06-20,0.800158437208
2023-06-21,0.761427278927
2023-06-22,0.660474919068
2023-06-23,0.626846496812
2023-06-26,0.555189286108
2023-06-27,0.461914802621
2023-06-28,0.474692647267
2023-06-29,0.603826614211
2023-06-30,0.668983494843
2023-07-03,0.72033611679
2023-07-05,0.655672174732
2023-07-06,0.605146353716
2023-07-07,0.571119960725
2023-07-10,0.506876127161
2023-07-11,0.545121354961
2023-07-12,0.643362907474
2023-07-13,0.734933248898
2023-07-14,0.752317466982
2023-07-17,0.787302241524
2023-07-18,0.726895795123
2023-07-19,0.782988981519
2023-07-20,0.608554068311
2023-07-21,0.578816368662
2023-07-24,0.548058115717
2023-07-25,0.61228637948
2023-07-26,0.603887035463
2023-07-27,0.631180272857
2023-07-28,0.54886498109
2023-07-31,0.492302843925
2023-08-01,0.402556263697
2023-08-02,0.341957074197
2023-08-03,0.363511628429
2023-08-04,0.251739122971
2023-08-07,0.303289903072
2023-08-08,0.288693216229
2023-08-09,0.256824362402
2023-08-10,0.280352232227
2023-08-11,0.161166760332
2023-08-14,0.195214976119
2023-08-15,0.0393368175522
2023-08-16,-0.0234148104516
2023-08-17,-0.0756224778357
2023-08-18,-0.0380990052064
2023-08-21,-0.0138681147722
2023-08-22,0.040122528388
2023-08-23,0.215757872935
2023-08-24,0.153872451657
2023-08-25,0.173759732553
2023-08-28,0.131128506968
2023-08-29,0.397475048575
2023-08-30,0.454907684434
2023-08-31,0.507233332185
2023-09-01,0.560272708689
2023-09-05,0.519890972711
2023-09-06,0.540686227044
2023-09-07,0.545058059475
2023-09-08,0.453270761278
2023-09-11,0.453340599014
2023-09-12,0.33734622565
2023-09-13,0.285247106022
2023-09-14,0.590079081706
2023-09-15,0.498992590318
2023-09-18,0.568764140377
2023-09-19,0.597648664881
2023-09-20,0.503204464176
2023-09-21,0.472105921513
2023-09-22,0.559303420218
2023-09-25,0.631201461648
2023-09-26,0.645970918578
2023-09-27,0.707871936614
2023-09-28,0.753472435175
2023-09-29,0.627258494482
2023-10-02,0.756206211901
2023-10-03,0.763962605758
2023-10-04,0.665853977323
2023-10-05,0.48406873858
2023-10-06,0.565626947619
2023-10-09,0.665593041582
2023-10-10,0.877904306338
2023-10-11,0.95038227908
2023-10-12,0.951597012341
2023-10-13,0.940249463141
2023-10-16,0.854475036771
2023-10-17,1.01121312354
2023-10-18,0.768547056681
2023-10-19,0.643010502139
2023-10-20,0.60385075699
2023-10-23,0.643781365693
2023-10-24,0.545029619295
2023-10-25,0.377039516727
2023-10-26,0.198545149777
2023-10-27,0.214799683466
2023-10-30,0.329081869054
2023-10-31,0.21569924573
2023-11-01,0.330578162319
2023-11-02,0.474667520317
2023-11-03,0.702262440519
2023-11-06,0.783710576323
2023-11-07,0.716013134836
2023-11-08,0.660835564517
2023-11-09,0.570814539302
2023-11-10,0.811258794668
2023-11-13,0.474758716036
2023-11-14,0.539729901734
2023-11-15,0.614006601552
2023-11-16,0.562126567797
2023-11-17,0.629577185719
2023-11-20,0.702022661283
2023-11-21,0.654446659013
2023-11-22,0.709825459001
2023-11-24,0.621268036191
2023-11-27,0.565987791619
2023-11-28,0.574569303771
2023-11-29,0.680479223017
2023-11-30,0.718119450769
2023-12-01,0.553049680713
2023-12-04,0.519429852629
2023-12-05,0.523653612236
2023-12-06,0.6297953735
2023-12-07,0.796234372984
2023-12-08,0.839446269083
2023-12-11,0.813560962957
2023-12-12,0.902020229914
2023-12-13,0.897475891852
2023-12-14,0.863996313567
2023-12-15,0.908734985203
2023-12-18,1.1455193135
2023-12-19,1.27690747396
2023-12-20,1.22885563118
2023-12-21,1.29469030005
2023-12-22,1.20229483069
2023-12-26,1.35091114754
2023-12-27,1.31795148718
2023-12-28,1.35200357509
2023-12-29,1.42764225074
2024-01-02,1.25999899938
2024-01-03,1.21537248547
2024-01-04,1.21960896216
2024-01-05,1.17717869789
2024-01-08,1.37326216651
2024-01-09,1.20400749962
2024-01-10,1.2528839203
2024-01-11,1.19462806723
2024-01-12,1.10537659337
2024-01-16,1.04901867034
2024-01-17,0.972990280762
2024-01-18,1.05524941087
2024-01-19,1.27690812286
2024-01-22,1.35634042491
2024-01-23,1.24334360303
2024-01-24,1.1601403284
2024-01-25,1.2065994269
2024-01-26,1.20260393012
2024-01-29,1.17720234857
2024-01-30,1.15243786635
2024-01-31,1.12390228747
2024-02-01,1.10859331233
2024-02-02,1.11004790067
2024-02-05,0.973544469904
2024-02-06,1.07842996406
2024-02-07,1.19300502009
2024-02-08,1.09951507279
2024-02-09,1.23922472332
2024-02-12,1.30645747598
2024-02-13,1.16980730392
2024-02-14,1.15593653178
2024-02-15,1.20390688162
2024-02-16,1.14175542003
2024-02-20,1.21063895407
2024-02-21,1.24353412264
2024-02-22,1.57760678849
2024-02-23,1.59328592611
2024-02-26,1.51913033983
2024-02-27,1.62507035693
2024-02-28,1.58628818243
2024-02-29,1.65318454766
2024-03-01,1.75558103981
2024-03-04,1.6862436749
2024-03-05,1.47702640145
2024-03-06,1.51230103019
2024-03-07,1.73159144562
2024-03-08,1.66307469819
2024-03-11,1.82820689252
2024-03-12,2.05120060054
2024-03-13,2.04741528936
2024-03-14,1.90050155468
2024-03-15,1.9050113336
2024-03-18,1.82615474585
2024-03-19,1.97619460014
2024-03-20,1.97576484041
2024-03-21,1.9020239128
2024-03-22,2.0536585139
2024-03-25,2.00009396323
2024-03-26,1.92722048093
2024-03-27,1.98320202523
2024-03-28,2.00679119866
2024-04-01,1.87771279659
2024-04-02,1.76181991265
2024-04-03,1.65726952762
2024-04-04,1.50737527639
2024-04-05,1.65019485883
2024-04-08,1.66898047206
2024-04-09,1.6507128065
2024-04-10,1.55364890877
2024-04-11,1.6156226273
2024-04-12,1.51372316863
2024-04-15,1.29688758877
2024-04-16,1.29688163524
2024-04-17,1.21749962327
2024-04-18,1.19089718768
2024-04-19,1.11318868531
2024-04-22,1.23708931092
2024-04-23,1.32500268808
2024-04-24,1.31947977728
2024-04-25,1.42718027735
2024-04-26,1.54335358431
2024-04-29,1.42159642041
2024-04-30,1.20492464839
2024-05-01,1.17801729059
2024-05-02,1.35920747252
2024-05-03,1.52263167787
2024-05-06,1.67129836944
2024-05-07,1.54229776842
2024-05-08,1.53823888385
2024-05-09,1.62256092567
2024-05-10,1.59871474456
2024-05-13,1.61156234405
2024-05-14,1.66649672708
2024-05-15,1.73495541631
2024-05-16,1.77485926984
2024-05-17,1.68973597086
2024-05-20,1.62015029666
2024-05-21,1.65462020875
2024-05-22,1.62890941393
2024-05-23,1.66724668331
2024-05-24,1.79423754358
2024-05-28,1.72389452786
2024-05-29,1.54994756479
2024-05-30,1.49468228459
2024-05-31,1.61838721644
2024-06-03,1.54666193354
2024-06-04,1.44265091813
2024-06-05,1.5583211677
2024-06-06,1.53586791727
2024-06-07,1.56069580786
2024-06-10,1.53036652137
2024-06-11,1.54390480476
2024-06-12,1.53742912379
2024-06-13,1.49891953135
2024-06-14,1.48805198525
2024-06-17,1.45277674792
2024-06-18,1.50867201782
2024-06-20,1.52941854376
2024-06-21,1.56403911903
2024-06-24,1.50331717358
2024-06-25,1.61038975384
2024-06-26,1.66626924388
2024-06-27,1.5791876434
2024-06-28,1.54431042806
2024-07-01,1.52879758771
2024-07-02,1.48047175341
2024-07-03,1.51455851041
2024-07-05,1.58037930195
2024-07-08,1.66592829165
2024-07-09,1.69941950717
2024-07-10,1.76377679572
2024-07-11,1.62049687049
2024-07-12,1.60489956695
2024-07-15,1.5576634522
2024-07-16,1.62258600622
2024-07-17,1.45062770548
2024-07-18,1.31586503623
2024-07-19,1.22851819411
2024-07-22,1.38183638208
2024-07-23,1.36490051257
2024-07-24,1.10028566448
2024-07-25,1.03024399479
2024-07-26,1.1230817041
2024-07-29,1.18778098986
2024-07-30,1.061737365
2024-07-31,1.17574553196
2024-08-01,1.07341767128
2024-08-02,1.02908204888
2024-08-05,0.771583475124
2024-08-06,0.898204834362
2024-08-07,0.761142966027
2024-08-08,0.968859745131
2024-08-09,1.06481126092
2024-08-12,1.06319798119
2024-08-13,1.1978711314
2024-08-14,1.1831097472
2024-08-15,1.40121755465
2024-08-16,1.48086499003
2024-08-19,1.62042950567
2024-08-20,1.60542298404
2024-08-21,1.58561303598
2024-08-22,1.53227787087
2024-08-23,1.53542818453
2024-08-26,1.62780294833
2024-08-27,1.58842346106
2024-08-28,1.48913988597
2024-08-29,1.38060592819
2024-08-30,1.42777007579
2024-09-03,1.2507949988
2024-09-04,1.22370805068
2024-09-05,1.23356268265
2024-09-06,1.14240026433
2024-09-09,1.25513847213
2024-09-10,1.27867986253
2024-09-11,1.30727546184
2024-09-12,1.41074956599
2024-09-13,1.44265539004
2024-09-16,1.38908004509
2024-09-17,1.4946137181
2024-09-18,1.46560602182
2024-09-19,1.60431977805
2024-09-20,1.66797371801
2024-09-23,1.83620431678
2024-09-24,1.87512524313
2024-09-25,1.82874384689
2024-09-26,1.9931539763
2024-09-27,1.98128174942
2024-09-30,1.96915181804
2024-10-01,1.91078171177
2024-10-02,1.91152512495
2024-10-03,2.02171383288
2024-10-04,2.02808605041
2024-10-07,1.95507911149
2024-10-08,1.94090294467
2024-10-09,1.94709519985
2024-10-10,1.88955965967
2024-10-11,1.90303012217
2024-10-14,2.01562871657
2024-10-15,1.9927162163
2024-10-16,1.95053669168
2024-10-17,1.95022434494
2024-10-18,2.10350755517
2024-10-21,2.16347912641
2024-10-22,2.27578674943
2024-10-23,2.20763693023
2024-10-24,2.16893088045
2024-10-25,2.30158813454
2024-10-28,2.43443716347
2024-10-29,2.49073939002
2024-10-30,2.37229697233
2024-10-31,2.13838053143
2024-11-01,2.09180136174
2024-11-04,1.93419708527
2024-11-05,1.95449753677
2024-11-06,2.10759578263
2024-11-07,2.14252027853
2024-11-08,2.16461434147
2024-11-11,2.24449653467
2024-11-12,2.10796982738
2024-11-13,2.11719956596
2024-11-14,1.9299728714
2024-11-15,1.79607031247
2024-11-18,1.81816711421
2024-11-19,1.83984991977
2024-11-20,1.78227262227
2024-11-21,1.84223718538
2024-11-22,1.83787592407
2024-11-25,1.85776954462
2024-11-26,1.92006069797
2024-11-27,1.87974964891
2024-11-29,1.93252372467
2024-12-02,1.92224533057
2024-12-03,1.87968382264
2024-12-04,1.97482611403
2024-12-05,1.9641091109
2024-12-06,2.01836105256
2024-12-09,1.90285423607
2024-12-10,1.84499362329
2024-12-11,1.87735847193
2024-12-12,1.79417872781
2024-12-13,1.69194336692
2024-12-16,1.70145511839
2024-12-17,1.66948437435
2024-12-18,1.35032490387
2024-12-19,1.29807661658
2024-12-20,1.50855328007
2024-12-23,1.48707451583
2024-12-24,1.55743681597
2024-12-26,1.52120247657
2024-12-27,1.41545137265
2024-12-30,1.32226856281
2024-12-31,1.31054385199
2025-01-02,1.33942569118
2025-01-03,1.50022120771
2025-01-06,1.57134006929
2025-01-07,1.46293228076
2025-01-08,1.37197980523
2025-01-10,1.25202193534
2025-01-13,1.22114811487
2025-01-14,1.23583210612
2025-01-15,1.3612554265
2025-01-16,1.37469805126
2025-01-17,1.4946786284
2025-01-21,1.49476540442
2025-01-22,1.45162059829
2025-01-23,1.47548113973
2025-01-24,1.43036548357
2025-01-27,1.30137950461
2025-01-28,1.33031067578
2025-01-29,1.29846236591
2025-01-30,1.28218273204
2025-01-31,1.24698925288
2025-02-03,1.3214024969
2025-02-04,1.28452828646
2025-02-05,1.23541495256
2025-02-06,1.28939605025
2025-02-07,1.19401999356
2025-02-10,1.18319325308
2025-02-11,1.18172255273
2025-02-12,1.11655250026
2025-02-13,1.2022130264
2025-02-14,1.31661191112
2025-02-18,1.26403399167
2025-02-19,1.23824316654
2025-02-20,1.24245592232
2025-02-21,1.1464521513
2025-02-24,1.0972306615
2025-02-25,0.907835798248
2025-02-26,0.906523380737
2025-02-27,0.805631765276
2025-02-28,0.909977104616
2025-03-03,0.779205282119
2025-03-04,0.642866416879
2025-03-05,0.666167694899
2025-03-06,0.534511221784
2025-03-07,0.655233991275
2025-03-10,0.40393752076
2025-03-11,0.271952902472
2025-03-12,0.357324083913
2025-03-13,0.261308112985
2025-03-14,0.333114785905
2025-03-17,0.394229140654
2025-03-18,0.336582121487
2025-03-19,0.462298032684
2025-03-20,0.400967924936
2025-03-21,0.36638636415
2025-03-24,0.427949471859
2025-03-25,0.416291599622
2025-03-26,0.344662838319
2025-03-27,0.343148520746
2025-03-28,0.218764640085
2025-03-31,0.197168980971
2025-04-01,0.216518021731
2025-04-02,0.2791978193
2025-04-03,-0.014170822425
2025-04-04,-0.394293042221
2025-04-07,-0.33225588016
2025-04-08,-0.499297622808
2025-04-09,0.0860129491743
2025-04-10,-0.10603146794
2025-04-11,0.0398621214775
2025-04-14,0.0427267366382
2025-04-15,0.11093156737
2025-04-16,0.055928496123
2025-04-17,0.073976193702
2025-04-21,-0.0192822250153
2025-04-22,0.122715903879
2025-04-23,0.254052742045
2025-04-24,0.312517734665
2025-04-25,0.289436219396
2025-04-28,0.291871207853
2025-04-29,0.345569516818
2025-04-30,0.301206742068
2025-05-01,0.317428178226
2025-05-02,0.475126119968
2025-05-05,0.459953190987
2025-05-06,0.373430111865
2025-05-07,0.331879975096
2025-05-08,0.308997726891
2025-05-09,0.298592137589
2025-05-12,0.460970777308
2025-05-13,0.472039867271
2025-05-14,0.469069635391
2025-05-15,0.491520787066
2025-05-16,0.502642504949
2025-05-19,0.448307283543
2025-05-20,0.439262650941
2025-05-21,0.349863388802
2025-05-22,0.343155584867
2025-05-23,0.296325325659
2025-05-27,0.412274389999
2025-05-28,0.421789360312
2025-05-29,0.407034988301
2025-05-30,0.405583422858
2025-06-02,0.464176843091
2025-06-03,0.524151649945
2025-06-04,0.484391964309
2025-06-05,0.451976223223
2025-06-06,0.496092668999
2025-06-09,0.441706856322
2025-06-10,0.470598078684
2025-06-11,0.462505858415
2025-06-12,0.468975581593
2025-06-13,0.397495804111
2025-06-16,0.402131774894
2025-06-17,0.347897545592
2025-06-18,0.348544446263
2025-06-20,0.299186167011
2025-06-23,0.334902263537
2025-06-24,0.403538341289
2025-06-25,0.41164900365
2025-06-26,0.467546853309
2025-06-27,0.474188382384
2025-06-30,0.492393556182
2025-07-01,0.482383069021
2025-07-02,0.527134635694
2025-07-03,0.555505151674
2025-07-07,0.48465180279
2025-07-08,0.45576707915
2025-07-09,0.459028564868
2025-07-10,0.467918284021
2025-07-11,0.447705905582
2025-07-14,0.404087688172
2025-07-15,0.428885555833
2025-07-16,0.417463820786
2025-07-17,0.430422722485
2025-07-18,0.398111821021
2025-07-21,0.476941453497
2025-07-22,0.52039747774
2025-07-23,0.596400275104
2025-07-24,0.546201970896
2025-07-25,0.574419164712
2025-07-28,0.698058295371
2025-07-29,0.709610405775
2025-07-30,0.647627235509
2025-07-31,0.624595565413
2025-08-01,0.566529613405
2025-08-04,0.561581527591
2025-08-05,0.608271313358
2025-08-06,0.742859069516
2025-08-07,0.904252545473
2025-08-08,0.891687371823
2025-08-11,0.919901970462
2025-08-12,0.863691588422
2025-08-13,0.856459380385
2025-08-14,0.858041302328
2025-08-15,0.757413645827
2025-08-18,0.73709576337
2025-08-19,0.623434080749
2025-08-20,0.600290882925
2025-08-21,0.528643929078
2025-08-22,0.617624317433
2025-08-25,0.573025658333
2025-08-26,0.642630855063
2025-08-27,0.595935052216
2025-08-28,0.629477781293
2025-08-29,0.587144078107
2025-09-02,0.582259209847
2025-09-03,0.609376089561
2025-09-04,0.600646516531
2025-09-05,0.700134271592
2025-09-08,0.720068184572
2025-09-09,0.750661538873
2025-09-10,0.86215378878
2025-09-11,0.846577444684
2025-09-12,0.820512830717
2025-09-15,0.789874373373
2025-09-16,0.743640919383
2025-09-17,0.709979795576
2025-09-18,0.728887192731
2025-09-19,0.753587142718
2025-09-22,0.792805942744
2025-09-23,0.675104509535
2025-09-24,0.670367771699
2025-09-25,0.628383083768
2025-09-26,0.646463555895
2025-09-29,0.670705959053
2025-09-30,0.671120320519
2025-10-01,0.696137787027
2025-10-02,0.677031445837
2025-10-03,0.72851269846
2025-10-06,0.74738229019
2025-10-07,0.735946615501
2025-10-08,0.719678110939
2025-10-09,0.757502075998
2025-10-10,0.554472243417
2025-10-13,0.598207834433
2025-10-14,0.60106555242
2025-10-15,0.590621433515
2025-10-16,0.516493229669
2025-10-17,0.585367192635
2025-10-20,0.616607657693
2025-10-21,0.6178490366
2025-10-22,0.56844606103
2025-10-23,0.608985972356
2025-10-24,0.653079126791
2025-10-27,0.766628644171
2025-10-28,0.767553179542
2025-10-29,0.769083389964
2025-10-30,0.701703684882
2025-10-31,0.707144470954
2025-11-03,0.734007639682
2025-11-04,0.772890412656
2025-11-05,0.770735085182
2025-11-06,0.725183616233
2025-11-07,0.668343954292
2025-11-10,0.619437224513
2025-11-11,0.591395280292
2025-11-12,0.574932808812
2025-11-13,0.47953684399
2025-11-14,0.492460294655
2025-11-17,0.442079285564
2025-11-18,0.430292532829
2025-11-19,0.52172346916
2025-11-20,0.416750926957
2025-11-21,0.447482241531
2025-11-24,0.527767751143
2025-11-25,0.547182597151
2025-11-26,0.565225216818
2025-11-28,0.577547093337
2025-12-01,0.519415034652
2025-12-02,0.552690167883
2025-12-03,0.539155474503
2025-12-04,0.532144986214
2025-12-05,0.540131066307
2025-12-08,0.490140064166
2025-12-09,0.495560779724
2025-12-10,0.517902586777
2025-12-11,0.561748863283
2025-12-12,0.520461313936
2025-12-15,0.469555669666
2025-12-16,0.485862000193
2025-12-17,0.424159665665
2025-12-18,0.4457902243
2025-12-19,0.512290412941
2025-12-22,0.709922175923
2025-12-23,0.738757044447
2025-12-24,0.69918878312
2025-12-26,0.659289710128
2025-12-29,0.582733239157
2025-12-30,0.577684874444
2025-12-31,0.598189481918
2026-01-02,0.666833264509
2026-01-05,0.723847345585
2026-01-06,0.768828329344
2026-01-07,0.684417922329
2026-01-08,0.655522599409
2026-01-09,0.751067138706
2026-01-12,0.751315117624
2026-01-13,0.826841696638
2026-01-14,0.789337404868
2026-01-15,0.797171832031
2026-01-16,0.698362658599
2026-01-20,0.594468995741
2026-01-21,0.602903982507
2026-01-22,0.585777384141
2026-01-23,0.554922856642
2026-01-26,0.553432783708
2026-01-27,0.59088948565
2026-01-28,0.67127450073
2026-01-29,0.615317736329
2026-01-30,0.617526310332
2026-02-02,0.61827928913
2026-02-03,0.599839748082
2026-02-04,0.613981428714
2026-02-05,0.508028095485
2026-02-06,0.59024568228
2026-02-09,0.595934902049
2026-02-10,0.629904743877
2026-02-11,0.594049128568
2026-02-12,0.506283847766
2026-02-13,0.523754477129
2026-02-17,0.474265341042
2026-02-18,0.50444806101
2026-02-19,0.476304688694
2026-02-20,0.50062129082
2026-02-23,0.467707052157
2026-02-24,0.602288650588
2026-02-25,0.672537971963
2026-02-26,0.668913975613
2026-02-27,0.64480176828
2026-03-02,0.735081730503
2026-03-03,0.600098257303
2026-03-04,0.74008461845
2026-03-05,0.777375386286
2026-03-06,0.644060158909
2026-03-09,0.789142767081
2026-03-10,0.74776496229
2026-03-11,0.900554862722
2026-03-12,0.856062162436
2026-03-13,0.795715892293
2026-03-16,0.929550480089
2026-03-17,0.831693268056
2026-03-18,0.719059482521
2026-03-19,0.764209501433
2026-03-20,0.61947705142
2026-03-23,0.693721292182
2026-03-24,0.668488190462
2026-03-25,0.603725830358
2026-03-26,0.496431610078
2026-03-27,0.464799662663
2026-03-30,0.461386291701
2026-03-31,0.725416304484
2026-04-01,0.734245256049
2026-04-02,0.719966528174
2026-04-06,0.707782563158
2026-04-07,1.01353053989
2026-04-08,1.57565061311
2026-04-09,1.62624143131
2026-04-10,1.72210146998
2026-04-13,1.46655971832
2026-04-14,1.86172387715
2026-04-15,1.79832651163
2026-04-16,1.76048862239
2026-04-17,1.85882908219
2026-04-20,2.04188130353
2026-04-21,1.97999895563
2026-04-22,2.275989381
2026-04-23,2.08340057098
2026-04-24,2.02731975456
2026-04-27,1.8985197142
2026-04-28,1.80038209211
2026-04-29,1.79211631379
2026-04-30,1.82431761979
2026-05-01,1.83593854831
2026-05-04,1.75312837785
2026-05-05,1.70793924517
2026-05-06,1.86927379202
2026-05-07,1.9039629899
2026-05-08,1.93425013806
2026-05-11,1.90432011708
2026-05-12,1.89712109854
2026-05-13,1.73832577071
2026-05-14,1.74162813763
2026-05-15,1.62093365348
2026-05-18,1.58144959467
2026-05-19,1.46786523521
2026-05-20,1.54463256793
2026-05-21,1.59202665932
2026-05-22,1.77267513056
2026-05-26,1.82577884588
2026-05-27,1.88686237439
2026-05-28,1.78704146024
2026-05-29,1.85517768517
2026-06-01,1.84413930343
2026-06-02,1.8559830473
2026-06-03,1.75568973867
2026-06-04,1.74208532436
2026-06-05,1.48032513312
2026-06-08,1.54998209828
2026-06-09,1.44841320838
2026-06-10,1.2950583426
2026-06-11,1.38154885581
2026-06-12,1.4443266514
2026-06-15,1.53536624427
2026-06-16,1.58599164026
2026-06-17,1.40844096272
2026-06-18,1.56189618145
2026-06-22,1.53388063698
2026-06-23,1.42624168261
2026-06-24,1.34532923647
2026-06-25,1.26029966578
2026-06-26,1.25668631557
2026-06-29,1.28389953263
2026-06-30,1.30432414149
2026-07-01,1.24657860455
2026-07-02,1.25580750295
2026-07-06,1.27484635383
2026-07-07,1.17417430903
2026-07-08,1.21699191134
2026-07-09,1.28583486911
2026-07-10,1.27188683468
2026-07-13,1.18413663123
2026-07-14,1.24081207989
2026-07-15,1.25985361923
2026-07-16,1.25043370535
2026-07-17,1.14072491345
2026-07-20,1.08343647615
2026-07-21,1.1522414138
2026-07-22,1.13038233697
2026-07-23,1.02447483799
2026-07-24,0.96851916393
2026-07-27,0.964420037162
2026-07-28,0.950071773303
2026-07-29,0.822769496025
2026-07-30,0.968988932592
2026-07-31,1.03220387567
2026-08-03,1.16966802319
2026-08-04,1.43126917238
2026-08-05,1.31196942348
2026-08-06,1.33721672827
2026-08-07,1.32934186823
2026-08-10,1.33116757927
2026-08-11,1.24689401286
2026-08-12,1.287264939
2026-08-13,1.25280485481
2026-08-14,1.21449162183
2026-08-17,1.17018391003
2026-08-18,1.13769345969
2026-08-19,1.15499107309
2026-08-20,1.13170495411
2026-08-21,1.18443088889
2026-08-24,1.19426272984
2026-08-25,1.10795773289
2026-08-26,1.14070127098
2026-08-27,1.16378858464
2026-08-28,1.12549584016
2026-08-31,1.07459269511
2026-09-01,1.06876415197
2026-09-02,1.16049280579
2026-09-03,1.20060321382
2026-09-04,1.10746098736
2026-09-08,1.08569631695
